{
    "acc": [
        0.23312012062703025,
        0.3657901049564021,
        0.4425491655968682,
        0.5505804528672671,
        0.6381584355769578,
        0.6984916864568886,
        0.7452420591037157,
        0.7881228902757351,
        0.8149727659326005,
        0.8346363515883254,
        0.8532733246066282,
        0.8648819471953237,
        0.882650247740819,
        0.889362716810366,
        0.8978915008231098,
        0.9017610418319251,
        0.9083155707792206,
        0.9149490690886537,
        0.9182658182080677,
        0.9219774191087525,
        0.9258469602022937,
        0.9292426796723136
    ],
    "fbeta_score_": [
        0.06138529778815394,
        0.3608674507476063,
        0.5249267834547825,
        0.6270489446700566,
        0.726898894536498,
        0.7877630619916891,
        0.8289189032682506,
        0.8560633862704865,
        0.8754179449308486,
        0.8895104231497768,
        0.9039961717558597,
        0.9103297840868289,
        0.9183503078414602,
        0.9250961952485114,
        0.9287930137312996,
        0.9289949067789524,
        0.9341555162928902,
        0.9372466303420501,
        0.9399294395267158,
        0.9425681573156779,
        0.9452071779996009,
        0.9444831482072318
    ],
    "fmeasure_": [
        0.027552893357269785,
        0.19612297848894314,
        0.32977739993894983,
        0.4336957748016456,
        0.5511959455245424,
        0.6372033728437101,
        0.7031124600356463,
        0.751063665206103,
        0.7873668615300067,
        0.8152318803712221,
        0.8404297365647474,
        0.8545025486681761,
        0.8694728102991294,
        0.8817020983555903,
        0.8896465631944539,
        0.8952216976374084,
        0.9031571714100299,
        0.9093067519785075,
        0.913678545390958,
        0.9183023921038636,
        0.9232205209701554,
        0.9240022211158425
    ],
    "loss": [
        16.583870319754162,
        6.546512433065393,
        3.5873006976235398,
        2.5679645895308383,
        2.0562901362455506,
        1.7310772706365958,
        1.4717135842562117,
        1.27213172405937,
        1.1179936581441956,
        0.9926578100471524,
        0.8890013435219623,
        0.8060516148092509,
        0.7343579685764272,
        0.6734924635963964,
        0.6242269986163268,
        0.5827808548943235,
        0.5437579684575512,
        0.5109598544770241,
        0.48392978673494136,
        0.4547015008514624,
        0.4338131203269597,
        0.41285604521635727
    ],
    "lr": [
        0.0010000000474974513,
        0.0010000000474974513,
        0.0010000000474974513,
        0.0010000000474974513,
        0.0010000000474974513,
        0.0010000000474974513,
        0.0010000000474974513,
        0.0010000000474974513,
        0.0010000000474974513,
        0.0010000000474974513,
        0.0010000000474974513,
        0.0010000000474974513,
        0.0010000000474974513,
        0.0010000000474974513,
        0.0010000000474974513,
        0.0010000000474974513,
        0.0010000000474974513,
        0.0010000000474974513,
        0.0010000000474974513,
        0.0010000000474974513,
        0.0010000000474974513,
        0.0010000000474974513
    ],
    "val_acc": [
        0.35680059765126054,
        0.3822336958270208,
        0.49281239601856575,
        0.5831183409761161,
        0.6111316084202655,
        0.6645779776871973,
        0.6966457972436912,
        0.719130130324731,
        0.745300419757694,
        0.7335053597742721,
        0.7652045834385246,
        0.775525260577991,
        0.7810541952706508,
        0.7954294246542818,
        0.7965352114741757,
        0.7943236375048378,
        0.7998525719338574,
        0.7998525719338574,
        0.8002211677601888,
        0.7965352114082657,
        0.7954294245883718,
        0.7817913862642133
    ],
    "val_fbeta_score_": [
        0.21542043096897043,
        0.47367788803476363,
        0.5707360436852199,
        0.6515518268491349,
        0.7388160226312547,
        0.7746835960658152,
        0.8046063516485352,
        0.8100542377775286,
        0.8367619915857466,
        0.8136916255274251,
        0.8497013588958765,
        0.8471635575888564,
        0.8474572151295162,
        0.8552863914018357,
        0.8628661291782943,
        0.8532438881494794,
        0.8519973885164989,
        0.8582217777254306,
        0.8612830997436107,
        0.8540210031821549,
        0.8556713988716823,
        0.8405465487839768
    ],
    "val_fmeasure_": [
        0.10128602247659105,
        0.2938319496340827,
        0.37699251388255584,
        0.4751517726976934,
        0.6012162745240602,
        0.6504461063567097,
        0.6897180404251807,
        0.7136681058333889,
        0.7429792919020085,
        0.7401451307427519,
        0.7806602273091064,
        0.7892386819048206,
        0.7960451598366028,
        0.8012974610681952,
        0.812568832138039,
        0.8130672280963303,
        0.8131864088248644,
        0.8160410907889836,
        0.8232119026062807,
        0.8121723062079023,
        0.815134056898399,
        0.8013506285870949
    ],
    "val_loss": [
        9.528151062903174,
        4.504895860226973,
        3.0535329232741404,
        2.444711019928676,
        2.098796150757297,
        1.8801662748781816,
        1.7376860092365563,
        1.6117883461935687,
        1.5409419683350263,
        1.5117855197250558,
        1.3438364614475447,
        1.3378664241960205,
        1.2975618699314935,
        1.2403030984523855,
        1.244130459255369,
        1.2319936458360565,
        1.211843658737094,
        1.2256207423723364,
        1.2144195440726837,
        1.2273359730197106,
        1.2444383817276214,
        1.305600775109856
    ],
    "val_lr": [
        0.0010000000474974513,
        0.0010000000474974513,
        0.0010000000474974513,
        0.0010000000474974513,
        0.0010000000474974513,
        0.0010000000474974513,
        0.0010000000474974513,
        0.0010000000474974513,
        0.0010000000474974513,
        0.0010000000474974513,
        0.0010000000474974513,
        0.0010000000474974513,
        0.0010000000474974513,
        0.0010000000474974513,
        0.0010000000474974513,
        0.0010000000474974513,
        0.0010000000474974513,
        0.0010000000474974513,
        0.0010000000474974513,
        0.0010000000474974513,
        0.0010000000474974513,
        0.0010000000474974513
    ]
}