{
    "acc": [
        0.21911069026081176,
        0.34957426371953343,
        0.389971619607597,
        0.4751182610033364,
        0.5370860943533727,
        0.6038788997179625,
        0.6684011396588079,
        0.7145695350817497,
        0.7565752094155116,
        0.7918637696875642,
        0.8169347211619876,
        0.8378429515472311,
        0.8514664175099884,
        0.8666035937552421,
        0.8708609251786541,
        0.8797540175204246,
        0.8916745456243982,
        0.8952696321421112,
        0.9012298931349192,
        0.9058656550401094,
        0.9089876973865837,
        0.9175023618123389,
        0.9181646112574647,
        0.9204351961217969,
        0.9238410560500543,
        0.924408705226633,
        0.9271523194597256,
        0.9293282951740239
    ],
    "fbeta_score_": [
        0.06570046011432512,
        0.3757570959282237,
        0.5255411626487378,
        0.6012472858689478,
        0.6703034485412749,
        0.7188813064666774,
        0.7619437026661753,
        0.8003330601761672,
        0.8332119836712515,
        0.8573630256763357,
        0.8728745094198265,
        0.887332200806662,
        0.8955348769560555,
        0.9046742045721471,
        0.9090973679593067,
        0.9127681650073323,
        0.9218085672681695,
        0.9230460589689924,
        0.9280522303865445,
        0.928088233763019,
        0.9296178063809477,
        0.9323339957669871,
        0.93715601350298,
        0.9358782391279739,
        0.9391017887765998,
        0.9385089819004994,
        0.9396885445970573,
        0.9413490790799753
    ],
    "fmeasure_": [
        0.029548976561116266,
        0.20969607022325723,
        0.33575826024772315,
        0.4101918978702943,
        0.48714964407564,
        0.5487722922239872,
        0.6081427436395986,
        0.6645947852671541,
        0.7201660912952675,
        0.7589327466014205,
        0.7882527219538658,
        0.8128151135728848,
        0.8324464952314137,
        0.8477110367342336,
        0.8596316313506752,
        0.8684351801477521,
        0.8824579575598634,
        0.8855627108093919,
        0.8940359999407206,
        0.8975904528668385,
        0.9015939067925839,
        0.9066651366799083,
        0.9119987278584613,
        0.9129207915817665,
        0.9186069400894721,
        0.9179525868782145,
        0.9198032629410953,
        0.9233875448340612
    ],
    "loss": [
        35.25869881712048,
        10.83254921041577,
        4.684244117989445,
        3.146832800069392,
        2.5511178615077443,
        2.159991773548505,
        1.8698186195449324,
        1.6247006836316444,
        1.417489012345573,
        1.2477535621219913,
        1.1128100289019527,
        0.9917299925096777,
        0.8914868215851436,
        0.8222451663964632,
        0.7673357127123321,
        0.7183676587035325,
        0.6589081958429703,
        0.6269849355252374,
        0.5945470682437847,
        0.5502935810791736,
        0.5446514792197588,
        0.4967980914755373,
        0.4846821041494016,
        0.4665341317061557,
        0.4475707509462407,
        0.4320583303045753,
        0.4214278188170187,
        0.4168320316944691
    ],
    "lr": [
        0.0010000000474974513,
        0.0010000000474974513,
        0.0010000000474974513,
        0.0010000000474974513,
        0.0010000000474974513,
        0.0010000000474974513,
        0.0010000000474974513,
        0.0010000000474974513,
        0.0010000000474974513,
        0.0010000000474974513,
        0.0010000000474974513,
        0.0010000000474974513,
        0.0010000000474974513,
        0.0010000000474974513,
        0.0010000000474974513,
        0.0010000000474974513,
        0.0010000000474974513,
        0.0010000000474974513,
        0.0010000000474974513,
        0.0010000000474974513,
        0.0010000000474974513,
        0.0010000000474974513,
        0.0010000000474974513,
        0.0010000000474974513,
        0.0010000000474974513,
        0.0010000000474974513,
        0.0010000000474974513,
        0.0010000000474974513
    ],
    "val_acc": [
        0.3571743955280607,
        0.3139072834919094,
        0.32582780883275386,
        0.4030905042920944,
        0.529801326805919,
        0.566887407639695,
        0.63576159177237,
        0.6631346508104017,
        0.6935982326534936,
        0.7037527605924122,
        0.7227373188957736,
        0.739955848021223,
        0.7240618096282151,
        0.7249448127041326,
        0.7350993385378098,
        0.7527593850563167,
        0.7474613662060786,
        0.7448123634256274,
        0.7470198680233482,
        0.760264903635905,
        0.7584988997208888,
        0.7717439305966527,
        0.7805739612242507,
        0.768653414238894,
        0.7730684343552747,
        0.7690949172899949,
        0.7598233988742955,
        0.7761589441341543
    ],
    "val_fbeta_score_": [
        0.2134184048204759,
        0.4579903321550382,
        0.468815497675742,
        0.5092673828664994,
        0.6410565978907066,
        0.6550199206564863,
        0.7412184916321541,
        0.7569909729968107,
        0.7712920472585076,
        0.7781265487207746,
        0.8001606920960197,
        0.8133895352449901,
        0.7987822717915044,
        0.7920917421250417,
        0.801152636278544,
        0.8131480873552116,
        0.8232350971788234,
        0.8169043239115616,
        0.8153268727772021,
        0.8258840545650087,
        0.8155637917665982,
        0.8253085623776939,
        0.8356983174814557,
        0.8351454858485173,
        0.8339938250335374,
        0.828970131495141,
        0.8109783724970112,
        0.8243803512181668
    ],
    "val_fmeasure_": [
        0.10048335169752438,
        0.27166013116999704,
        0.3016696399279251,
        0.36310957125480603,
        0.4690965904173735,
        0.49537119854891276,
        0.6116867547003638,
        0.6466527020694405,
        0.6770540178480001,
        0.6976037757023018,
        0.717621721837168,
        0.7256456413542725,
        0.7340033996447296,
        0.7381166882862319,
        0.7400643070275683,
        0.759242888712725,
        0.7613840436040697,
        0.761300759073388,
        0.7579056675860424,
        0.7789641202943478,
        0.7735566946844391,
        0.7827656865119934,
        0.7919122939867689,
        0.7846061096549297,
        0.7895974032663089,
        0.7766206484230412,
        0.7706366978733745,
        0.7898808824305503
    ],
    "val_loss": [
        17.67121809734151,
        6.439279509959105,
        4.0946526127408935,
        3.290242529862764,
        2.6275866747428775,
        2.4194919178817447,
        2.0608775131486636,
        1.9480464755830913,
        1.7802042032182874,
        1.7534864983021818,
        1.6215819423035545,
        1.5850056391414953,
        1.6265972302712615,
        1.6059344104320534,
        1.523744209186394,
        1.426435372818911,
        1.4969543442294562,
        1.5390672183721008,
        1.5083987789175106,
        1.3903457310552365,
        1.4316219733514006,
        1.393098024079868,
        1.3410467442297778,
        1.3835390579884679,
        1.3625165231969973,
        1.3932051491526842,
        1.458442928117369,
        1.4387046584230385
    ],