{
    "acc": [
        0.8112763588782518,
        0.9245441450575662,
        0.945256689468078,
        0.953218207037476,
        0.9577136253616447,
        0.9622090470138773,
        0.9640366244307086,
        0.9650029287189208,
        0.9659062137614578,
        0.968132916237865,
        0.9691202293002458
    ],
    "fbeta_score_": [
        0.8704845077429321,
        0.9536968728202039,
        0.9624637266701284,
        0.9661382990202556,
        0.967857399882614,
        0.9709634272208405,
        0.9715061126742159,
        0.9717543627141795,
        0.9722300462963781,
        0.9740769806784468,
        0.9740210474438952
    ],
    "fmeasure_": [
        0.8007400153974367,
        0.9292614942823636,
        0.9476828962782332,
        0.955210828919359,
        0.9588168317826292,
        0.9633106512914594,
        0.9649434822135168,
        0.9656927188112299,
        0.9666264176909618,
        0.9690688301956801,
        0.9691750596234923
    ],
    "loss": [
        4.367650713109537,
        0.6460304663077331,
        0.47785384366666755,
        0.415766490778771,
        0.395389828704183,
        0.3559117136053123,
        0.34387337388613975,
        0.34398535458934015,
        0.33495179634942257,
        0.3238132309712299,
        0.3123263197523507
    ],
    "lr": [
        0.0010000000474974513,
        0.0010000000474974513,
        0.0010000000474974513,
        0.0010000000474974513,
        0.0010000000474974513,
        0.0010000000474974513,
        0.0010000000474974513,
        0.0010000000474974513,
        0.0010000000474974513,
        0.0010000000474974513,
        0.0010000000474974513
    ],
    "val_acc": [
        0.9004999422206679,
        0.9288304990359982,
        0.9340260663274199,
        0.9405940486138831,
        0.9370649832859307,
        0.942750702487664,
        0.9392216332390453,
        0.9434369086880343,
        0.9456915876267296,
        0.9445152319701159,
        0.9441231103600644
    ],
    "val_fbeta_score_": [
        0.9492872403002454,
        0.9534592125920872,
        0.94863426019229,
        0.956151901588827,
        0.9511340443216905,
        0.9564773312106739,
        0.9508824512872284,
        0.9562026437866069,
        0.9578874776286479,
        0.954968172631396,
        0.9555041889515172
    ],
    "val_fmeasure_": [
        0.909141932880279,
        0.9326377442544284,
        0.9389633207493653,
        0.9478650240673293,
        0.942662347491939,
        0.9489685339257362,
        0.9442902260838204,
        0.9497125924258779,
        0.9516137044297259,
        0.9495145361185798,
        0.9498812740380338
    ],
    "val_loss": [
        0.8764259655760055,
        0.6548271154424815,
        0.5951443515376897,
        0.582792632387685,
        0.5753327947646399,
        0.5360269504439047,
        0.5713483311010218,
        0.5561435314068992,
        0.5599668456075145,
        0.5362393483205492,
        0.5671968271996201
    ],
    "val_lr": [
        0.0010000000474974513,
        0.0010000000474974513,
        0.0010000000474974513,
        0.0010000000474974513,
        0.0010000000474974513,
        0.0010000000474974513,
        0.0010000000474974513,
        0.0010000000474974513,
        0.0010000000474974513,
        0.0010000000474974513,
        0.0010000000474974513
    ]
}